site_i,site_j,idx_i,idx_j,distance_A,classification,abs_r_total_slow,abs_r_protein_slow,abs_r_water_slow
ÎħW21,ÎħW346,aW21,aW346,57.2,intra-A,0.013,0.074,0.053
ÎħW21,ÎħW388,aW21,aW388,36.2,intra-A,0.047,0.089,0.024
ÎħW21,ÎħW407,aW21,aW407,41.3,intra-A,0.021,0.193,0.038
ÎħW21,Î²W21,aW21,bW21,35.0,inter-AB,0.041,0.137,0.021
ÎħW21,Î²W101,aW21,bW101,54.0,inter-AB,0.000,0.309,0.037
ÎħW21,Î²W344,aW21,bW344,41.6,inter-AB,0.018,0.246,0.027
ÎħW21,Î²W397,aW21,bW397,63.8,inter-AB,0.015,0.114,0.000
ÎħW346,ÎħW388,aW346,aW388,26.6,intra-A,0.011,0.017,0.020
ÎħW346,ÎħW407,aW346,aW407,43.7,intra-A,0.022,0.132,0.027
ÎħW346,Î²W21,aW346,bW21,56.4,inter-AB,0.045,0.206,0.058
ÎħW346,Î²W101,aW346,bW101,68.6,inter-AB,0.014,0.168,0.035
ÎħW346,Î²W344,aW346,bW344,53.7,inter-AB,0.001,0.169,0.012
ÎħW346,Î²W397,aW346,bW397,69.4,inter-AB,0.001,0.000,0.003
ÎħW388,ÎħW407,aW388,aW407,23.1,intra-A,0.056,0.054,0.047
ÎħW388,Î²W21,aW388,bW21,35.0,inter-AB,0.043,0.058,0.027
ÎħW388,Î²W101,aW388,bW101,46.7,inter-AB,0.025,0.117,0.056
ÎħW388,Î²W344,aW388,bW344,28.8,inter-AB,0.006,0.116,0.050
ÎħW388,Î²W397,aW388,bW397,51.4,inter-AB,0.012,0.005,0.004
ÎħW407,Î²W21,aW407,bW21,18.0,inter-AB,0.014,0.173,0.069
ÎħW407,Î²W101,aW407,bW101,25.3,inter-AB,0.007,0.112,0.127
ÎħW407,Î²W344,aW407,bW344,23.6,inter-AB,0.007,0.339,0.140
ÎħW407,Î²W397,aW407,bW397,28.9,inter-AB,0.006,0.063,0.002
Î²W21,Î²W101,bW21,bW101,24.4,intra-B,0.025,0.219,0.064
Î²W21,Î²W344,bW21,bW344,32.4,intra-B,0.026,0.212,0.048
Î²W21,Î²W397,bW21,bW397,31.0,intra-B,0.031,0.047,0.048
Î²W101,Î²W344,bW101,bW344,29.4,intra-B,0.011,0.161,0.022
Î²W101,Î²W397,bW101,bW397,13.1,intra-B,0.023,0.033,0.102
Î²W344,Î²W397,bW344,bW397,38.5,intra-B,0.000,0.005,0.083
