site_i,site_j,label_i,label_j,distance_A,classification
aW21,aW346,ÎąW21,ÎąW346,57.18,intra-A
aW21,aW388,ÎąW21,ÎąW388,36.22,intra-A
aW21,aW407,ÎąW21,ÎąW407,41.29,intra-A
aW21,bW21,ÎąW21,ÎēW21,35.03,inter-AB
aW21,bW101,ÎąW21,ÎēW101,53.96,inter-AB
aW21,bW344,ÎąW21,ÎēW344,41.64,inter-AB
aW21,bW397,ÎąW21,ÎēW397,63.80,inter-AB
aW346,aW388,ÎąW346,ÎąW388,26.63,intra-A
aW346,aW407,ÎąW346,ÎąW407,43.66,intra-A
aW346,bW21,ÎąW346,ÎēW21,56.39,inter-AB
aW346,bW101,ÎąW346,ÎēW101,68.56,inter-AB
aW346,bW344,ÎąW346,ÎēW344,53.68,inter-AB
aW346,bW397,ÎąW346,ÎēW397,69.38,inter-AB
aW388,aW407,ÎąW388,ÎąW407,23.06,intra-A
aW388,bW21,ÎąW388,ÎēW21,34.97,inter-AB
aW388,bW101,ÎąW388,ÎēW101,46.72,inter-AB
aW388,bW344,ÎąW388,ÎēW344,28.83,inter-AB
aW388,bW397,ÎąW388,ÎēW397,51.41,inter-AB
aW407,bW21,ÎąW407,ÎēW21,18.02,inter-AB
aW407,bW101,ÎąW407,ÎēW101,25.33,inter-AB
aW407,bW344,ÎąW407,ÎēW344,23.63,inter-AB
aW407,bW397,ÎąW407,ÎēW397,28.90,inter-AB
bW21,bW101,ÎēW21,ÎēW101,24.44,intra-B
bW21,bW344,ÎēW21,ÎēW344,32.41,intra-B
bW21,bW397,ÎēW21,ÎēW397,30.97,intra-B
bW101,bW344,ÎēW101,ÎēW344,29.45,intra-B
bW101,bW397,ÎēW101,ÎēW397,13.15,intra-B
bW344,bW397,ÎēW344,ÎēW397,38.50,intra-B
